RANGO,MEDIA INTENSIDAD TRAFICO
Rango 1,403.9810309658522
Rango 2,103.65971343341077
Rango 3,288.029068682581
Rango 4,329.6692256373894
Rango 5,362.67685728618875
Rango 6,364.69273030969066
Rango 7,352.66431178608815
