RANGO,Monóxido de Carbono,Dioxido de Azufre,Monóxido de Nitrógeno,Dióxido de Nitrógeno,Óxidos de Nitrógeno,Hidrocarburos Totales
Rango 1,0.6214547668700391,1.2544592030360529,17.447504702312354,25.817908994947985,52.71089663853794,1.4538789988374354
Rango 2,0.4480774009327873,1.297079337401918,1.6833746671314687,8.977033506095728,11.979057566422796,1.360752566854871
Rango 3,0.4411144319576782,1.7797453961191447,1.6842190452248709,12.044947789110415,15.017845546801007,1.277924999795841
Rango 4,0.4237501363809801,1.551086677689721,6.378229872602186,16.244671863518803,26.31054199660144,1.3512811053021168
Rango 5,0.4007337832940635,1.811987933406207,2.4278754420636295,13.664516214062653,17.73255980932964,1.3165925332651371
Rango 6,0.3857371033357376,1.7743372196938616,5.958511496045564,16.17012255988493,25.6088218111856,1.3433278515414386
Rango 7,0.471220891477129,1.9374143786965918,4.32452783275945,15.063774332665444,21.98986947761495,1.3247176515595898
